{"cameraMode":{"drawMode":0,"name":"Shaded","section":"Shading Mode"},"sceneLighting":false,"audioPlay":false,"sceneViewState":{"showFog":true,"showMaterialUpdate":false,"showSkybox":true,"showFlares":true,"showImageEffects":true,"showParticleSystems":true},"in2DMode":false,"pivot":{"x":0.0058665648102760319,"y":0.03357415273785591,"z":-0.004088997840881348},"rotation":{"x":0.15763577818870545,"y":0.03554177284240723,"z":-0.005670170299708843,"w":0.9868412613868713},"size":33.78190994262695,"orthographic":true}