{"cameraMode":{"drawMode":0,"name":"Shaded","section":"Shading Mode"},"sceneLighting":true,"audioPlay":false,"sceneViewState":{"showFog":true,"showMaterialUpdate":false,"showSkybox":true,"showFlares":true,"showImageEffects":true,"showParticleSystems":true},"in2DMode":false,"pivot":{"x":-30.01751708984375,"y":-8.418731689453125,"z":-76.25210571289063},"rotation":{"x":0.6634222865104675,"y":0.0044903503730893139,"z":-0.003979244269430637,"w":0.7482210993766785},"size":178.9654083251953,"orthographic":true}