{"cameraMode":{"drawMode":0,"name":"Shaded","section":"Shading Mode"},"sceneLighting":false,"audioPlay":false,"sceneViewState":{"showFog":true,"showMaterialUpdate":false,"showSkybox":true,"showFlares":true,"showImageEffects":true,"showParticleSystems":true},"in2DMode":false,"pivot":{"x":-19.90183448791504,"y":4.356251239776611,"z":8.13436508178711},"rotation":{"x":0.6839413046836853,"y":0.11732394993305206,"z":-0.11282594501972199,"w":0.7111468315124512},"size":26.979618072509767,"orthographic":true}