{"cameraMode":{"drawMode":0,"name":"Shaded","section":"Shading Mode"},"sceneLighting":false,"audioPlay":false,"sceneViewState":{"showFog":true,"showMaterialUpdate":false,"showSkybox":true,"showFlares":true,"showImageEffects":true,"showParticleSystems":true},"in2DMode":false,"pivot":{"x":0.0,"y":1.1599998474121094,"z":9.199999809265137},"rotation":{"x":-0.2935042381286621,"y":0.008033692836761475,"z":-0.0024628243409097196,"w":-0.9559208750724793},"size":28.578840255737306,"orthographic":true}