{"cameraMode":{"drawMode":0,"name":"Shaded","section":"Shading Mode"},"sceneLighting":true,"audioPlay":false,"sceneViewState":{"showFog":true,"showMaterialUpdate":false,"showSkybox":true,"showFlares":true,"showImageEffects":true,"showParticleSystems":true},"in2DMode":false,"pivot":{"x":-104.14118194580078,"y":-8.861759185791016,"z":-105.38846588134766},"rotation":{"x":0.5955851078033447,"y":0.026495935395359994,"z":-0.019661372527480127,"w":0.8026143312454224},"size":49.781497955322269,"orthographic":false}