{"cameraMode":{"drawMode":0,"name":"Shaded","section":"Shading Mode"},"sceneLighting":false,"audioPlay":false,"sceneViewState":{"showFog":true,"showMaterialUpdate":false,"showSkybox":true,"showFlares":true,"showImageEffects":true,"showParticleSystems":true},"in2DMode":false,"pivot":{"x":0.0,"y":2.0721824169158937,"z":4.76837158203125e-7},"rotation":{"x":-0.10418469458818436,"y":0.8875104784965515,"z":-0.2464858740568161,"w":-0.37512049078941347},"size":18.892452239990236,"orthographic":true}