{"cameraMode":{"drawMode":0,"name":"Shaded","section":"Shading Mode"},"sceneLighting":true,"audioPlay":false,"sceneViewState":{"showFog":true,"showMaterialUpdate":false,"showSkybox":true,"showFlares":true,"showImageEffects":true,"showParticleSystems":true},"in2DMode":false,"pivot":{"x":-11.160926818847657,"y":-2.482421875,"z":5.396728515625},"rotation":{"x":0.2803322970867157,"y":0.04030105471611023,"z":-0.011780891567468644,"w":0.9589843153953552},"size":59.66207504272461,"orthographic":true}