{"cameraMode":{"drawMode":0,"name":"Shaded","section":"Shading Mode"},"sceneLighting":false,"audioPlay":false,"sceneViewState":{"showFog":true,"showMaterialUpdate":false,"showSkybox":true,"showFlares":true,"showImageEffects":true,"showParticleSystems":true},"in2DMode":false,"pivot":{"x":0.0076952651143074039,"y":0.02436535805463791,"z":0.004758469760417938},"rotation":{"x":0.16268032789230348,"y":0.10780834406614304,"z":-0.017877884209156038,"w":0.9806084036827087},"size":59.89802932739258,"orthographic":true}