{"cameraMode":{"drawMode":0,"name":"Shaded","section":"Shading Mode"},"sceneLighting":true,"audioPlay":false,"sceneViewState":{"showFog":true,"showMaterialUpdate":false,"showSkybox":true,"showFlares":true,"showImageEffects":true,"showParticleSystems":true},"in2DMode":false,"pivot":{"x":-130.4028778076172,"y":4.248779296875,"z":-95.92860412597656},"rotation":{"x":0.7101247906684876,"y":-0.01477941032499075,"z":0.01491490751504898,"w":0.7037626504898071},"size":110.08523559570313,"orthographic":false}