{"cameraMode":{"drawMode":0,"name":"Shaded","section":"Shading Mode"},"sceneLighting":true,"audioPlay":false,"sceneViewState":{"showFog":true,"showMaterialUpdate":false,"showSkybox":true,"showFlares":true,"showImageEffects":true,"showParticleSystems":true},"in2DMode":false,"pivot":{"x":-11.160926818847657,"y":-2.482421875,"z":5.396728515625},"rotation":{"x":0.44435861706733706,"y":-0.05503426864743233,"z":0.027362585067749025,"w":0.8937382698059082},"size":83.22274780273438,"orthographic":true}