{"cameraMode":{"drawMode":0,"name":"Shaded","section":"Shading Mode"},"sceneLighting":false,"audioPlay":false,"sceneViewState":{"showFog":true,"showMaterialUpdate":false,"showSkybox":true,"showFlares":true,"showImageEffects":true,"showParticleSystems":true},"in2DMode":false,"pivot":{"x":-20.54245948791504,"y":-1.2218737602233887,"z":-7.320713043212891},"rotation":{"x":0.0855758935213089,"y":-0.7111741900444031,"z":0.08791830390691757,"w":0.6922270655632019},"size":33.49329376220703,"orthographic":true}