{"cameraMode":{"drawMode":0,"name":"Shaded","section":"Shading Mode"},"sceneLighting":true,"audioPlay":false,"sceneViewState":{"showFog":true,"showMaterialUpdate":false,"showSkybox":true,"showFlares":true,"showImageEffects":true,"showParticleSystems":true},"in2DMode":false,"pivot":{"x":46.91999816894531,"y":-38.532440185546878,"z":38.79316711425781},"rotation":{"x":-0.30697503685951235,"y":-0.07043395191431046,"z":0.022790880873799325,"w":-0.9488340616226196},"size":239.25669860839845,"orthographic":true}