{"cameraMode":{"drawMode":0,"name":"Shaded","section":"Shading Mode"},"sceneLighting":true,"audioPlay":false,"sceneViewState":{"showFog":true,"showMaterialUpdate":false,"showSkybox":true,"showFlares":true,"showImageEffects":true,"showParticleSystems":true},"in2DMode":false,"pivot":{"x":113.45555114746094,"y":2.676544189453125,"z":-130.72274780273438},"rotation":{"x":0.41117772459983828,"y":0.07778410613536835,"z":-0.03524190932512283,"w":0.9075464606285095},"size":56.399967193603519,"orthographic":true}