{"cameraMode":{"drawMode":0,"name":"Shaded","section":"Shading Mode"},"sceneLighting":false,"audioPlay":false,"sceneViewState":{"showFog":true,"showMaterialUpdate":false,"showSkybox":true,"showFlares":true,"showImageEffects":true,"showParticleSystems":true},"in2DMode":false,"pivot":{"x":-0.004464194178581238,"y":0.00888073444366455,"z":-0.0010397732257843018},"rotation":{"x":0.11263280361890793,"y":0.32314446568489077,"z":-0.03876088559627533,"w":0.9388232827186585},"size":22.1321964263916,"orthographic":true}