{"cameraMode":{"drawMode":0,"name":"Shaded","section":"Shading Mode"},"sceneLighting":false,"audioPlay":false,"sceneViewState":{"showFog":true,"showMaterialUpdate":false,"showSkybox":true,"showFlares":true,"showImageEffects":true,"showParticleSystems":true},"in2DMode":false,"pivot":{"x":0.29394641518592837,"y":1.2677510976791382,"z":0.11585238575935364},"rotation":{"x":0.30957335233688357,"y":-0.38360774517059328,"z":0.1382545828819275,"w":0.859008252620697},"size":78.46466064453125,"orthographic":true}