{"cameraMode":{"drawMode":0,"name":"Shaded","section":"Shading Mode"},"sceneLighting":false,"audioPlay":false,"sceneViewState":{"showFog":true,"showMaterialUpdate":false,"showSkybox":true,"showFlares":true,"showImageEffects":true,"showParticleSystems":true},"in2DMode":false,"pivot":{"x":3.1668038368225099,"y":7.482904434204102,"z":16.907812118530275},"rotation":{"x":-0.019859101623296739,"y":0.15385423600673676,"z":0.003100704401731491,"w":0.9878891706466675},"size":35.16523361206055,"orthographic":true}