{"cameraMode":{"drawMode":0,"name":"Shaded","section":"Shading Mode"},"sceneLighting":true,"audioPlay":false,"sceneViewState":{"showFog":true,"showMaterialUpdate":false,"showSkybox":true,"showFlares":true,"showImageEffects":true,"showParticleSystems":true},"in2DMode":false,"pivot":{"x":43.343902587890628,"y":6.081268310546875,"z":-94.09976196289063},"rotation":{"x":0.6600006818771362,"y":0.010142046958208084,"z":-0.008909287862479687,"w":0.7511438131332398},"size":114.47552490234375,"orthographic":true}