{"cameraMode":{"drawMode":0,"name":"Shaded","section":"Shading Mode"},"sceneLighting":true,"audioPlay":false,"sceneViewState":{"showFog":true,"showMaterialUpdate":false,"showSkybox":true,"showFlares":true,"showImageEffects":true,"showParticleSystems":true},"in2DMode":false,"pivot":{"x":68.67771911621094,"y":1.6230850219726563,"z":-124.6541976928711},"rotation":{"x":0.5955851078033447,"y":0.026495935395359994,"z":-0.019661372527480127,"w":0.8026143312454224},"size":94.3430404663086,"orthographic":false}