{"cameraMode":{"drawMode":0,"name":"Shaded","section":"Shading Mode"},"sceneLighting":true,"audioPlay":false,"sceneViewState":{"showFog":true,"showMaterialUpdate":false,"showSkybox":true,"showFlares":true,"showImageEffects":true,"showParticleSystems":true},"in2DMode":false,"pivot":{"x":122.37417602539063,"y":0.725372314453125,"z":76.98115539550781},"rotation":{"x":-0.25344839692115786,"y":0.7032124400138855,"z":-0.3009664714336395,"w":-0.5921785235404968},"size":27.29041290283203,"orthographic":true}