{"cameraMode":{"drawMode":0,"name":"Shaded","section":"Shading Mode"},"sceneLighting":false,"audioPlay":false,"sceneViewState":{"showFog":true,"showMaterialUpdate":false,"showSkybox":true,"showFlares":true,"showImageEffects":true,"showParticleSystems":true},"in2DMode":false,"pivot":{"x":-9.24178409576416,"y":4.820191860198975,"z":6.88264274597168},"rotation":{"x":-0.022572727873921396,"y":-0.7105472683906555,"z":0.7029170989990234,"w":-0.022817786782979966},"size":27.336421966552736,"orthographic":true}