{"cameraMode":{"drawMode":0,"name":"Shaded","section":"Shading Mode"},"sceneLighting":false,"audioPlay":false,"sceneViewState":{"showFog":true,"showMaterialUpdate":false,"showSkybox":true,"showFlares":true,"showImageEffects":true,"showParticleSystems":true},"in2DMode":false,"pivot":{"x":-93.6253662109375,"y":0.05847149342298508,"z":50.72005081176758},"rotation":{"x":-0.2636103630065918,"y":-0.37407970428466799,"z":0.11179672926664353,"w":-0.8820858597755432},"size":3.2135682106018068,"orthographic":true}