{"cameraMode":{"drawMode":0,"name":"Shaded","section":"Shading Mode"},"sceneLighting":false,"audioPlay":false,"sceneViewState":{"showFog":true,"showMaterialUpdate":false,"showSkybox":true,"showFlares":true,"showImageEffects":true,"showParticleSystems":true},"in2DMode":false,"pivot":{"x":0.0,"y":2.0721824169158937,"z":4.76837158203125e-7},"rotation":{"x":-0.10905679315328598,"y":0.8626415729522705,"z":-0.21055401861667634,"w":-0.4467920958995819},"size":15.082330703735352,"orthographic":true}