{"cameraMode":{"drawMode":0,"name":"Shaded","section":"Shading Mode"},"sceneLighting":true,"audioPlay":false,"sceneViewState":{"showFog":true,"showMaterialUpdate":false,"showSkybox":true,"showFlares":true,"showImageEffects":true,"showParticleSystems":true},"in2DMode":false,"pivot":{"x":116.439697265625,"y":-8.417205810546875,"z":-66.76327514648438},"rotation":{"x":0.12453771382570267,"y":-0.3657352924346924,"z":0.0494505949318409,"w":0.9210226535797119},"size":100.29254150390625,"orthographic":true}