{"cameraMode":{"drawMode":0,"name":"Shaded","section":"Shading Mode"},"sceneLighting":true,"audioPlay":false,"sceneViewState":{"showFog":true,"showMaterialUpdate":false,"showSkybox":true,"showFlares":true,"showImageEffects":true,"showParticleSystems":true},"in2DMode":false,"pivot":{"x":-87.79891967773438,"y":-62.746856689453128,"z":3.0682106018066408},"rotation":{"x":0.22519972920417787,"y":0.04528660699725151,"z":-0.010479341261088848,"w":0.973203182220459},"size":138.4501495361328,"orthographic":true}