{"cameraMode":{"drawMode":0,"name":"Shaded","section":"Shading Mode"},"sceneLighting":true,"audioPlay":false,"sceneViewState":{"showFog":true,"showMaterialUpdate":false,"showSkybox":true,"showFlares":true,"showImageEffects":true,"showParticleSystems":true},"in2DMode":false,"pivot":{"x":116.44049835205078,"y":30.828025817871095,"z":5.514732360839844},"rotation":{"x":0.4954873323440552,"y":0.002605834510177374,"z":-0.0014864391414448619,"w":0.8686099648475647},"size":139.85382080078126,"orthographic":false}