{"cameraMode":{"drawMode":0,"name":"Shaded","section":"Shading Mode"},"sceneLighting":false,"audioPlay":false,"sceneViewState":{"showFog":true,"showMaterialUpdate":false,"showSkybox":true,"showFlares":true,"showImageEffects":true,"showParticleSystems":true},"in2DMode":false,"pivot":{"x":140.91477966308595,"y":2.074944257736206,"z":96.4312744140625},"rotation":{"x":-0.10905679315328598,"y":0.8626415729522705,"z":-0.21055401861667634,"w":-0.4467920958995819},"size":52.99530029296875,"orthographic":true}