{"cameraMode":{"drawMode":0,"name":"Shaded","section":"Shading Mode"},"sceneLighting":false,"audioPlay":false,"sceneViewState":{"showFog":true,"showMaterialUpdate":false,"showSkybox":true,"showFlares":true,"showImageEffects":true,"showParticleSystems":true},"in2DMode":false,"pivot":{"x":0.15825188159942628,"y":0.9225957989692688,"z":0.033847928047180179},"rotation":{"x":0.1858031302690506,"y":0.010315882042050362,"z":-0.0019530791323632002,"w":0.9825308918952942},"size":8.971612930297852,"orthographic":true}