{"cameraMode":{"drawMode":0,"name":"Shaded","section":"Shading Mode"},"sceneLighting":false,"audioPlay":false,"sceneViewState":{"showFog":true,"showMaterialUpdate":false,"showSkybox":true,"showFlares":true,"showImageEffects":true,"showParticleSystems":true},"in2DMode":false,"pivot":{"x":-4.010822296142578,"y":6.2313690185546879,"z":-0.5197698473930359},"rotation":{"x":0.34310105443000796,"y":-0.02958090975880623,"z":0.010811381973326207,"w":0.9387703537940979},"size":35.653839111328128,"orthographic":true}