{"cameraMode":{"drawMode":0,"name":"Shaded","section":"Shading Mode"},"sceneLighting":true,"audioPlay":false,"sceneViewState":{"showFog":true,"showMaterialUpdate":false,"showSkybox":true,"showFlares":true,"showImageEffects":true,"showParticleSystems":true},"in2DMode":false,"pivot":{"x":61.472381591796878,"y":21.014434814453126,"z":90.60733032226563},"rotation":{"x":-0.47908180952072146,"y":-0.12091214954853058,"z":0.06683012843132019,"w":-0.8668302297592163},"size":605.2700805664063,"orthographic":true}