{"cameraMode":{"drawMode":0,"name":"Shaded","section":"Shading Mode"},"sceneLighting":false,"audioPlay":false,"sceneViewState":{"showFog":true,"showMaterialUpdate":false,"showSkybox":true,"showFlares":true,"showImageEffects":true,"showParticleSystems":true},"in2DMode":false,"pivot":{"x":-0.6643327474594116,"y":2.450969696044922,"z":-0.18465694785118104},"rotation":{"x":-0.7059944868087769,"y":0.008497794158756733,"z":-0.008472339250147343,"w":-0.7081156969070435},"size":11.475430488586426,"orthographic":false}