{"cameraMode":{"drawMode":0,"name":"Shaded","section":"Shading Mode"},"sceneLighting":true,"audioPlay":false,"sceneViewState":{"showFog":true,"showMaterialUpdate":false,"showSkybox":true,"showFlares":true,"showImageEffects":true,"showParticleSystems":true},"in2DMode":false,"pivot":{"x":113.45555114746094,"y":2.676544189453125,"z":-130.72274780273438},"rotation":{"x":0.09263429790735245,"y":0.4789189398288727,"z":-0.05090990662574768,"w":0.871472179889679},"size":30.067947387695314,"orthographic":true}