{"cameraMode":{"drawMode":0,"name":"Shaded","section":"Shading Mode"},"sceneLighting":true,"audioPlay":false,"sceneViewState":{"showFog":true,"showMaterialUpdate":false,"showSkybox":true,"showFlares":true,"showImageEffects":true,"showParticleSystems":true},"in2DMode":false,"pivot":{"x":110.90156555175781,"y":-7.515865325927734,"z":146.2578125},"rotation":{"x":0.24129275977611543,"y":-0.1541282832622528,"z":0.038843851536512378,"w":0.9573470950126648},"size":30.77253532409668,"orthographic":true}