{"cameraMode":{"drawMode":0,"name":"Shaded","section":"Shading Mode"},"sceneLighting":false,"audioPlay":false,"sceneViewState":{"showFog":true,"showMaterialUpdate":false,"showSkybox":true,"showFlares":true,"showImageEffects":true,"showParticleSystems":true},"in2DMode":false,"pivot":{"x":-9.24178409576416,"y":4.820191860198975,"z":6.88264274597168},"rotation":{"x":0.06271782517433167,"y":-0.9364864230155945,"z":0.22322723269462586,"w":0.26311466097831728},"size":27.336421966552736,"orthographic":true}