{"cameraMode":{"drawMode":0,"name":"Shaded","section":"Shading Mode"},"sceneLighting":true,"audioPlay":false,"sceneViewState":{"showFog":true,"showMaterialUpdate":false,"showSkybox":true,"showFlares":true,"showImageEffects":true,"showParticleSystems":true},"in2DMode":false,"pivot":{"x":-8.544456481933594,"y":-49.970947265625,"z":100.72735595703125},"rotation":{"x":0.4380856454372406,"y":-0.03773617371916771,"z":0.018410421907901765,"w":0.897952139377594},"size":1313.416259765625,"orthographic":false}