{"cameraMode":{"drawMode":0,"name":"Shaded","section":"Shading Mode"},"sceneLighting":true,"audioPlay":false,"sceneViewState":{"showFog":true,"showMaterialUpdate":false,"showSkybox":true,"showFlares":true,"showImageEffects":true,"showParticleSystems":true},"in2DMode":false,"pivot":{"x":-37.97206115722656,"y":13.149627685546875,"z":-55.52558898925781},"rotation":{"x":-0.5246052742004395,"y":0.03905148059129715,"z":-0.024094991385936738,"w":-0.8501080870628357},"size":36.56233596801758,"orthographic":true}