{"cameraMode":{"drawMode":0,"name":"Shaded","section":"Shading Mode"},"sceneLighting":false,"audioPlay":false,"sceneViewState":{"showFog":true,"showMaterialUpdate":false,"showSkybox":true,"showFlares":true,"showImageEffects":true,"showParticleSystems":true},"in2DMode":false,"pivot":{"x":-32.9137077331543,"y":6.078751564025879,"z":-0.9751996994018555},"rotation":{"x":0.47030070424079897,"y":-0.5296638607978821,"z":0.49491938948631289,"w":0.5033173561096191},"size":28.51100730895996,"orthographic":true}