{"cameraMode":{"drawMode":0,"name":"Shaded","section":"Shading Mode"},"sceneLighting":false,"audioPlay":false,"sceneViewState":{"showFog":true,"showMaterialUpdate":false,"showSkybox":true,"showFlares":true,"showImageEffects":true,"showParticleSystems":true},"in2DMode":false,"pivot":{"x":-0.011160029098391533,"y":0.048201922327280048,"z":-0.0004820898175239563},"rotation":{"x":0.13879109919071198,"y":-0.7442944645881653,"z":0.16331538558006288,"w":0.6325273513793945},"size":30.801664352416993,"orthographic":true}