{"cameraMode":{"drawMode":0,"name":"Shaded","section":"Shading Mode"},"sceneLighting":false,"audioPlay":false,"sceneViewState":{"showFog":true,"showMaterialUpdate":false,"showSkybox":true,"showFlares":true,"showImageEffects":true,"showParticleSystems":true},"in2DMode":false,"pivot":{"x":-9.24178409576416,"y":4.820191860198975,"z":6.88264274597168},"rotation":{"x":0.5922098755836487,"y":-0.013290656730532647,"z":0.009778368286788464,"w":0.8056148290634155},"size":27.336421966552736,"orthographic":true}