{"cameraMode":{"drawMode":0,"name":"Shaded","section":"Shading Mode"},"sceneLighting":false,"audioPlay":false,"sceneViewState":{"showFog":true,"showMaterialUpdate":false,"showSkybox":true,"showFlares":true,"showImageEffects":true,"showParticleSystems":true},"in2DMode":false,"pivot":{"x":3.1668038368225099,"y":7.482904434204102,"z":16.907812118530275},"rotation":{"x":0.3580440878868103,"y":-0.05736883357167244,"z":0.02205444686114788,"w":0.9316796660423279},"size":56.88328552246094,"orthographic":true}