{"cameraMode":{"drawMode":0,"name":"Shaded","section":"Shading Mode"},"sceneLighting":false,"audioPlay":false,"sceneViewState":{"showFog":true,"showMaterialUpdate":false,"showSkybox":true,"showFlares":true,"showImageEffects":true,"showParticleSystems":true},"in2DMode":false,"pivot":{"x":-4.010822296142578,"y":6.2313690185546879,"z":-0.5197698473930359},"rotation":{"x":0.29193222522735598,"y":-0.030121106654405595,"z":0.009199153631925583,"w":0.9559203386306763},"size":35.653839111328128,"orthographic":true}