{"cameraMode":{"drawMode":0,"name":"Shaded","section":"Shading Mode"},"sceneLighting":true,"audioPlay":false,"sceneViewState":{"showFog":true,"showMaterialUpdate":false,"showSkybox":true,"showFlares":true,"showImageEffects":true,"showParticleSystems":true},"in2DMode":false,"pivot":{"x":34.366943359375,"y":24.584747314453126,"z":-158.2649383544922},"rotation":{"x":-0.6811946034431458,"y":0.0028582243248820307,"z":-0.002656874479725957,"w":-0.732092022895813},"size":691.06298828125,"orthographic":true}