{"cameraMode":{"drawMode":0,"name":"Shaded","section":"Shading Mode"},"sceneLighting":false,"audioPlay":false,"sceneViewState":{"showFog":true,"showMaterialUpdate":false,"showSkybox":true,"showFlares":true,"showImageEffects":true,"showParticleSystems":true},"in2DMode":false,"pivot":{"x":-20.54245948791504,"y":-1.2218737602233887,"z":-7.320713043212891},"rotation":{"x":0.21093149483203889,"y":-0.6888616681098938,"z":0.6573569178581238,"w":0.22104176878929139},"size":82.91876220703125,"orthographic":true}