{"cameraMode":{"drawMode":0,"name":"Shaded","section":"Shading Mode"},"sceneLighting":true,"audioPlay":false,"sceneViewState":{"showFog":true,"showMaterialUpdate":false,"showSkybox":true,"showFlares":true,"showImageEffects":true,"showParticleSystems":true},"in2DMode":false,"pivot":{"x":-127.96867370605469,"y":42.022247314453128,"z":-3.3889617919921877},"rotation":{"x":-0.715537965297699,"y":0.0027289597783237697,"z":-0.002790960483253002,"w":-0.6985629200935364},"size":255.3904571533203,"orthographic":true}