{"cameraMode":{"drawMode":0,"name":"Shaded","section":"Shading Mode"},"sceneLighting":true,"audioPlay":false,"sceneViewState":{"showFog":true,"showMaterialUpdate":false,"showSkybox":true,"showFlares":true,"showImageEffects":true,"showParticleSystems":true},"in2DMode":false,"pivot":{"x":-61.72625732421875,"y":-21.3125,"z":71.51422119140625},"rotation":{"x":0.6855772137641907,"y":-0.0010929869022220374,"z":0.0010286996839568019,"w":0.7279983758926392},"size":288.38079833984377,"orthographic":true}