{"cameraMode":{"drawMode":0,"name":"Shaded","section":"Shading Mode"},"sceneLighting":true,"audioPlay":false,"sceneViewState":{"showFog":true,"showMaterialUpdate":false,"showSkybox":true,"showFlares":true,"showImageEffects":true,"showParticleSystems":true},"in2DMode":false,"pivot":{"x":10.171829223632813,"y":-32.5,"z":-2.30999755859375},"rotation":{"x":0.6855772137641907,"y":-0.0010929869022220374,"z":0.0010286996839568019,"w":0.7279983758926392},"size":344.73944091796877,"orthographic":true}