{"cameraMode":{"drawMode":0,"name":"Shaded","section":"Shading Mode"},"sceneLighting":true,"audioPlay":false,"sceneViewState":{"showFog":true,"showMaterialUpdate":false,"showSkybox":true,"showFlares":true,"showImageEffects":true,"showParticleSystems":true},"in2DMode":false,"pivot":{"x":138.26644897460938,"y":27.977752685546876,"z":41.97196960449219},"rotation":{"x":-0.3515493869781494,"y":0.30806514620780947,"z":-0.12372234463691712,"w":-0.8753294944763184},"size":42.081600189208987,"orthographic":true}