{"cameraMode":{"drawMode":0,"name":"Shaded","section":"Shading Mode"},"sceneLighting":false,"audioPlay":false,"sceneViewState":{"showFog":true,"showMaterialUpdate":false,"showSkybox":true,"showFlares":true,"showImageEffects":true,"showParticleSystems":true},"in2DMode":false,"pivot":{"x":-5.960464477539063e-8,"y":1.9599997997283936,"z":-0.032200008630752566},"rotation":{"x":-0.7059944868087769,"y":0.008497794158756733,"z":-0.008472339250147343,"w":-0.7081156969070435},"size":2.3320438861846926,"orthographic":false}