{"cameraMode":{"drawMode":0,"name":"Shaded","section":"Shading Mode"},"sceneLighting":true,"audioPlay":false,"sceneViewState":{"showFog":true,"showMaterialUpdate":false,"showSkybox":true,"showFlares":true,"showImageEffects":true,"showParticleSystems":true},"in2DMode":false,"pivot":{"x":-110.3282470703125,"y":26.301544189453126,"z":-104.92929077148438},"rotation":{"x":0.7165691256523132,"y":0.00522899255156517,"z":-0.005375425796955824,"w":0.697475790977478},"size":38.118099212646487,"orthographic":true}