{"cameraMode":{"drawMode":0,"name":"Shaded","section":"Shading Mode"},"sceneLighting":false,"audioPlay":false,"sceneViewState":{"showFog":true,"showMaterialUpdate":false,"showSkybox":true,"showFlares":true,"showImageEffects":true,"showParticleSystems":true},"in2DMode":false,"pivot":{"x":-28.862926483154298,"y":4.766251564025879,"z":6.8248491287231449},"rotation":{"x":0.5922098755836487,"y":-0.013290656730532647,"z":0.009778368286788464,"w":0.8056148290634155},"size":28.892372131347658,"orthographic":true}